{
  "Entities": [
    {
      "classId": "b067ee9e-6613-4631-8c77-86e4ecbc3c98",
      "id": "3caeb93a-ffa0-46f1-bbe2-334a6d541e42",
      "position": {
        "x": -1028.50586,
        "y": -430.9847,
        "z": -1271.9071
      },
      "rotation": {
        "x": -0.5682764,
        "y": 0.0,
        "z": -0.420787424,
        "w": 0.7071067
      },
      "scale": {
        "x": 1.0,
        "y": 1.0,
        "z": 1.0
      },
      "cellLevel": 0,
      "priority": 0
    },
    {
      "classId": "ccda323d-2b8c-4bd2-b55e-b2def79a0283",
      "id": "5de95b42-325c-49e1-835d-5d70d0efa7ea",
      "position": {
        "x": -1039.11243,
        "y": -429.924347,
        "z": -1268.75891
      },
      "rotation": {
        "x": -0.6254623,
        "y": 0.0,
        "z": -0.267396033,
        "w": 0.733005
      },
      "scale": {
        "x": 1.0,
        "y": 1.0,
        "z": 1.0
      },
      "cellLevel": 0,
      "priority": 0
    },
    {
      "classId": "b067ee9e-6613-4631-8c77-86e4ecbc3c98",
      "id": "c210d4ef-6ae6-43ea-bed9-f8cbe7a3e7c7",
      "position": {
        "x": -1035.2406,
        "y": -429.726959,
        "z": -1275.254
      },
      "rotation": {
        "x": 1.0,
        "y": 0.0,
        "z": 0.0,
        "w": 0.0
      },
      "scale": {
        "x": 1.0,
        "y": 1.0,
        "z": 1.0
      },
      "cellLevel": 0,
      "priority": 0
    },
    {
      "classId": "b067ee9e-6613-4631-8c77-86e4ecbc3c98",
      "id": "90924953-3fb2-4f99-8fc5-e13e0041c456",
      "position": {
        "x": -1035.20288,
        "y": -436.3739,
        "z": -1275.64026
      },
      "rotation": {
        "x": 0.2102924,
        "y": 0.0,
        "z": 0.09258267,
        "w": 0.973244846
      },
      "scale": {
        "x": 1.0,
        "y": 1.0,
        "z": 1.0
      },
      "cellLevel": 0,
      "priority": 0
    }
  ],
  "IsSorted": false
}