{"Entities":[{"classId":"ProtoDefenseBaseWall","id":"b22612fb-6705-4fcc-8a60-cf564e336318","position":{"x":728.9784,"y":-449.430878,"z":-1546.09009},"rotation":{"x":0.07178726,"y":-0.703453362,"z":-0.703453362,"w":-0.07178726},"scale":{"x":2.34138966,"y":2.34138966,"z":2.34138966},"cellLevel":100,"priority":0},],"IsSorted":false}