{"Entities":[{"classId":"ProtoDefenseChamber","id":"eb4394f0-3a3b-4445-a4ea-f398aa169e1a","position":{"x":699.4143,"y":-488.812164,"z":-1456.57642},"rotation":{"x":0.0,"y":-0.09251388,"z":0.0,"w":0.9957114},"scale":{"x":1.53192878,"y":1.53192854,"z":1.53192878},"cellLevel":3,"priority":0},{"classId":"ProtoDefenseBaseWall","id":"b22612fb-6705-4fcc-8a60-cf564e336318","position":{"x":728.9784,"y":-449.430878,"z":-1546.09009},"rotation":{"x":0.07178726,"y":-0.703453362,"z":-0.703453362,"w":-0.07178726},"scale":{"x":2.34138966,"y":2.34138966,"z":2.34138966},"cellLevel":100,"priority":0},],"IsSorted":false}