{
  "Entities": [
    {
      "classId": "FragmentationTerminal",
      "id": "6c1136d3-b93e-4fa1-83a9-b66b21caecb5",
      "position": {
        "x": -1061.09412,
        "y": -436.5,
        "z": -1284.89941
      },
      "rotation": {
        "x": 0.0,
        "y": 0.9551608,
        "z": 0.0,
        "w": 0.2960875
      },
      "scale": {
        "x": 1.0,
        "y": 1.0,
        "z": 1.0
      },
      "cellLevel": 1,
      "priority": 0
    },
    {
      "classId": "AnimateEntropyTerminal",
      "id": "04d5e904-a492-43d5-917a-f3205f147d1f",
      "position": {
        "x": 500.452576,
        "y": 100.262535,
        "z": 1789.0011
      },
      "rotation": {
        "x": -0.0225384515,
        "y": -0.4071929,
        "z": -0.0193785932,
        "w": 0.912858367
      },
      "scale": {
        "x": 1.0,
        "y": 1.0,
        "z": 1.0
      },
      "cellLevel": 1,
      "priority": 0
    }
  ],
  "IsSorted": false
}