{
  "Entities": [
    {
      "classId": "FragmentationTerminal",
      "id": "453cbe90-1e26-43a3-90cb-732563f6a9ca",
      "position": {
        "x": -1061.04846,
        "y": -436.5,
        "z": -1284.976
      },
      "rotation": {
        "x": 0.0,
        "y": 0.953724861,
        "z": 0.0,
        "w": 0.300680876
      },
      "scale": {
        "x": 1.0,
        "y": 1.0,
        "z": 1.0
      },
      "cellLevel": 1,
      "priority": 0
    },
    {
      "classId": "AnimateEntropyTerminal",
      "id": "75c1432b-ef86-4162-b8f7-f4a9bbaa6ab2",
      "position": {
        "x": 500.357819,
        "y": 100.172073,
        "z": 1788.23108
      },
      "rotation": {
        "x": -0.0128788957,
        "y": -0.41754812,
        "z": -0.00237040478,
        "w": 0.9085605
      },
      "scale": {
        "x": 1.0,
        "y": 1.0,
        "z": 1.0
      },
      "cellLevel": 1,
      "priority": 0
    }
  ],
  "IsSorted": false
}