{
  "Entities": [
    {
      "classId": "8d13d081-431e-4ed5-bc99-2b8b9fabe9c2",
      "id": "a10d2a86-ae1f-47c6-a6b1-6c6bbaf88017",
      "position": {
        "x": -1147.92126,
        "y": -384.8001,
        "z": -1043.16272
      },
      "rotation": {
        "x": 0.0,
        "y": -0.5444653,
        "z": 0.0,
        "w": 0.8387833
      },
      "scale": {
        "x": 2.844656,
        "y": 2.84465528,
        "z": 2.844656
      },
      "cellLevel": 1,
      "priority": 0
    }
  ],
  "IsSorted": false
}