{"Entities":[{"classId":"WarpReactor","id":"fbddad35-f4ce-4d57-bf53-c3206dc4b4f2","position":{"x":521.2529,"y":-714.9695,"z":958.348145},"rotation":{"x":0.0,"y":0.0,"z":0.0,"w":1.0},"scale":{"x":1.0,"y":1.0,"z":1.0},"cellLevel":1,"priority":0},{"classId":"InterceptorIsland","id":"0c7b813a-3768-40b9-b778-bd3ec4c58458","position":{"x":-966.1494,"y":34.5025826,"z":-841.804932},"rotation":{"x":0.0,"y":-0.5490115,"z":0.0,"w":0.8358148},"scale":{"x":1.0,"y":1.0,"z":1.0},"cellLevel":100,"priority":0}],"IsSorted":false}