{"Entities":[{"classId":"IonPrism_DisplayCase","id":"80a70565-e48e-4532-88fb-a4a4976b20b2","position":{"x":433.955017,"y":-76.46827,"z":1156.22083},"rotation":{"x":0.0,"y":0.171452552,"z":0.0,"w":0.985192358},"scale":{"x":1.0,"y":1.0,"z":1.0},"cellLevel":1,"priority":0},{"classId":"DeployableLight_DisplayCase","id":"ff85c81b-260f-4616-b6f6-346f2cefcbd6","position":{"x":417.495239,"y":-92.019516,"z":1128.58765},"rotation":{"x":0.0,"y":0.1724527,"z":0.0,"w":0.985017836},"scale":{"x":1.57215953,"y":1.57215929,"z":1.57215953},"cellLevel":1,"priority":0},{"classId":"SmashedDisplayCase","id":"99c04511-baad-40ff-9329-bf68ff7b11b4","position":{"x":420.416718,"y":-79.92312,"z":1158.45264},"rotation":{"x":0.0,"y":-0.9860595,"z":0.0,"w":0.166393518},"scale":{"x":1.0,"y":1.0,"z":1.0},"cellLevel":0,"priority":0},{"classId":"Proto_PrecursorIngot","id":"51b6ed93-5aec-499a-a99e-2cff024800b6","position":{"x":420.105377,"y":-79.622,"z":1157.552},"rotation":{"x":-0.6055455,"y":0.0,"z":-0.1408472,"w":0.7832476},"scale":{"x":0.4654191,"y":0.4654191,"z":0.4654191},"cellLevel":0,"priority":0}],"IsSorted":false}